date,type_of_data,Variable,Value
2020-06-10,prices,Opening Price,3213.419922
2020-06-11,prices,Opening Price,3123.530029
2020-06-12,prices,Opening Price,3071.040039
2020-06-15,prices,Opening Price,2993.76001
2020-06-16,prices,Opening Price,3131
2020-06-17,prices,Opening Price,3136.129883
2020-06-18,prices,Opening Price,3101.639893
2020-06-19,prices,Opening Price,3140.290039
2020-06-22,prices,Opening Price,3094.419922
2020-06-23,prices,Opening Price,3138.699951
2020-06-24,prices,Opening Price,3114.399902
2020-06-25,prices,Opening Price,3046.600098
2020-06-26,prices,Opening Price,3073.199951
2020-06-29,prices,Opening Price,3018.590088
2020-06-30,prices,Opening Price,3050.199951
2020-07-01,prices,Opening Price,3105.919922
2020-07-02,prices,Opening Price,3143.639893
2020-07-06,prices,Opening Price,3155.290039
2020-07-07,prices,Opening Price,3166.439941
2020-07-08,prices,Opening Price,3153.070068
2020-07-09,prices,Opening Price,3176.169922
2020-07-10,prices,Opening Price,3152.469971
2020-07-13,prices,Opening Price,3205.080078
2020-07-14,prices,Opening Price,3141.110107
2020-07-15,prices,Opening Price,3225.97998
2020-07-16,prices,Opening Price,3208.360107
2020-07-17,prices,Opening Price,3224.209961
2020-07-20,prices,Opening Price,3224.290039
2020-07-21,prices,Opening Price,3268.52002
2020-07-22,prices,Opening Price,3254.860107
2020-07-23,prices,Opening Price,3271.639893
2020-07-24,prices,Opening Price,3218.580078
2020-07-27,prices,Opening Price,3219.840088
2020-07-28,prices,Opening Price,3234.27002
2020-07-29,prices,Opening Price,3227.219971
2020-07-30,prices,Opening Price,3231.76001
2020-07-31,prices,Opening Price,3270.449951
2020-08-03,prices,Opening Price,3288.26001
2020-08-04,prices,Opening Price,3289.919922
2020-08-05,prices,Opening Price,3317.370117
2020-08-06,prices,Opening Price,3323.169922
2020-08-07,prices,Opening Price,3340.050049
2020-08-10,prices,Opening Price,3356.040039
2020-08-11,prices,Opening Price,3370.340088
2020-08-12,prices,Opening Price,3355.459961
2020-08-13,prices,Opening Price,3372.949951
2020-08-14,prices,Opening Price,3368.659912
2020-08-17,prices,Opening Price,3380.860107
2020-08-18,prices,Opening Price,3387.040039
2020-08-19,prices,Opening Price,3392.51001
2020-08-20,prices,Opening Price,3360.47998
2020-08-21,prices,Opening Price,3386.01001
2020-08-24,prices,Opening Price,3418.090088
2020-08-25,prices,Opening Price,3435.949951
2020-08-26,prices,Opening Price,3449.969971
2020-08-27,prices,Opening Price,3485.139893
2020-08-28,prices,Opening Price,3494.689941
2020-08-31,prices,Opening Price,3509.72998
2020-09-01,prices,Opening Price,3507.439941
2020-09-02,prices,Opening Price,3543.76001
2020-09-03,prices,Opening Price,3564.73999
2020-09-04,prices,Opening Price,3453.600098
2020-09-08,prices,Opening Price,3371.879883
2020-09-09,prices,Opening Price,3369.820068
2020-09-10,prices,Opening Price,3412.560059
2020-09-11,prices,Opening Price,3352.699951
2020-09-14,prices,Opening Price,3363.560059
2020-09-15,prices,Opening Price,3407.72998
2020-09-16,prices,Opening Price,3411.22998
2020-09-17,prices,Opening Price,3346.860107
2020-09-18,prices,Opening Price,3357.379883
2020-09-21,prices,Opening Price,3285.570068
2020-09-22,prices,Opening Price,3295.75
2020-09-23,prices,Opening Price,3320.110107
2020-09-24,prices,Opening Price,3226.139893
2020-09-25,prices,Opening Price,3236.659912
2020-09-28,prices,Opening Price,3333.899902
2020-09-29,prices,Opening Price,3350.919922
2020-09-30,prices,Opening Price,3341.209961
2020-10-01,prices,Opening Price,3385.870117
2020-10-02,prices,Opening Price,3338.939941
2020-10-05,prices,Opening Price,3367.27002
2020-10-06,prices,Opening Price,3408.73999
2020-10-07,prices,Opening Price,3384.560059
2020-10-08,prices,Opening Price,3434.280029
2020-10-09,prices,Opening Price,3459.669922
2020-10-12,prices,Opening Price,3500.02002
2020-10-13,prices,Opening Price,3534.01001
2020-10-14,prices,Opening Price,3515.469971
2020-10-15,prices,Opening Price,3453.719971
2020-10-16,prices,Opening Price,3493.5
2020-10-19,prices,Opening Price,3493.659912
2020-10-20,prices,Opening Price,3439.379883
2020-10-21,prices,Opening Price,3439.909912
2020-10-22,prices,Opening Price,3438.5
2020-10-23,prices,Opening Price,3464.899902
2020-10-26,prices,Opening Price,3441.419922
2020-10-27,prices,Opening Price,3403.149902
2020-10-28,prices,Opening Price,3342.47998
2020-10-29,prices,Opening Price,3277.169922
2020-10-30,prices,Opening Price,3293.590088
2020-11-02,prices,Opening Price,3296.199951
2020-11-03,prices,Opening Price,3336.25
2020-11-04,prices,Opening Price,3406.459961
2020-11-05,prices,Opening Price,3485.73999
2020-11-06,prices,Opening Price,3508.340088
2020-11-09,prices,Opening Price,3583.040039
2020-11-10,prices,Opening Price,3543.26001
2020-11-11,prices,Opening Price,3563.219971
2020-11-12,prices,Opening Price,3562.669922
2020-11-13,prices,Opening Price,3552.570068
2020-11-16,prices,Opening Price,3600.159912
2020-11-17,prices,Opening Price,3610.310059
2020-11-18,prices,Opening Price,3612.090088
2020-11-19,prices,Opening Price,3559.409912
2020-11-20,prices,Opening Price,3579.310059
2020-11-23,prices,Opening Price,3566.820068
2020-11-24,prices,Opening Price,3594.52002
2020-11-25,prices,Opening Price,3635.5
2020-11-27,prices,Opening Price,3638.550049
2020-11-30,prices,Opening Price,3634.179932
2020-12-01,prices,Opening Price,3645.870117
2020-12-02,prices,Opening Price,3653.780029
2020-12-03,prices,Opening Price,3668.280029
2020-12-04,prices,Opening Price,3670.939941
2020-12-07,prices,Opening Price,3694.72998
2020-12-08,prices,Opening Price,3683.050049
2020-12-09,prices,Opening Price,3705.97998
2020-12-10,prices,Opening Price,3659.129883
2020-12-11,prices,Opening Price,3656.080078
2020-12-14,prices,Opening Price,3675.27002
2020-12-15,prices,Opening Price,3666.409912
2020-12-16,prices,Opening Price,3696.25
2020-12-17,prices,Opening Price,3713.649902
2020-12-18,prices,Opening Price,3722.389893
2020-12-21,prices,Opening Price,3684.280029
2020-12-22,prices,Opening Price,3698.080078
2020-12-23,prices,Opening Price,3693.419922
2020-12-24,prices,Opening Price,3694.030029
2020-12-28,prices,Opening Price,3723.030029
2020-12-29,prices,Opening Price,3750.01001
2020-12-30,prices,Opening Price,3736.189941
2020-12-31,prices,Opening Price,3733.27002
2021-01-04,prices,Opening Price,3764.610107
2021-01-05,prices,Opening Price,3698.02002
2021-01-06,prices,Opening Price,3712.199951
2021-01-07,prices,Opening Price,3764.709961
2021-01-08,prices,Opening Price,3815.050049
2021-01-11,prices,Opening Price,3803.139893
2021-01-12,prices,Opening Price,3801.620117
2021-01-13,prices,Opening Price,3802.22998
2021-01-14,prices,Opening Price,3814.97998
2021-01-15,prices,Opening Price,3788.72998
2021-01-19,prices,Opening Price,3781.879883
2021-01-20,prices,Opening Price,3816.219971
2021-01-21,prices,Opening Price,3857.459961
2021-01-22,prices,Opening Price,3844.23999
2021-01-25,prices,Opening Price,3851.679932
2021-01-26,prices,Opening Price,3862.959961
2021-01-27,prices,Opening Price,3836.830078
2021-01-28,prices,Opening Price,3755.75
2021-01-29,prices,Opening Price,3778.050049
2021-02-01,prices,Opening Price,3731.169922
2021-02-02,prices,Opening Price,3791.840088
2021-02-03,prices,Opening Price,3840.27002
2021-02-04,prices,Opening Price,3836.659912
2021-02-05,prices,Opening Price,3878.300049
2021-02-08,prices,Opening Price,3892.590088
2021-02-09,prices,Opening Price,3910.48999
2021-02-10,prices,Opening Price,3920.780029
2021-02-11,prices,Opening Price,3916.399902
2021-02-12,prices,Opening Price,3911.649902
2021-02-16,prices,Opening Price,3939.610107
2021-02-17,prices,Opening Price,3918.5
2021-02-18,prices,Opening Price,3915.860107
2021-02-19,prices,Opening Price,3921.159912
2021-02-22,prices,Opening Price,3885.550049
2021-02-23,prices,Opening Price,3857.070068
2021-02-24,prices,Opening Price,3873.709961
2021-02-25,prices,Opening Price,3915.800049
2021-02-26,prices,Opening Price,3839.659912
2021-03-01,prices,Opening Price,3842.51001
2021-03-02,prices,Opening Price,3903.639893
2021-03-03,prices,Opening Price,3863.98999
2021-03-04,prices,Opening Price,3818.530029
2021-03-05,prices,Opening Price,3793.580078
2021-03-08,prices,Opening Price,3844.389893
2021-03-09,prices,Opening Price,3851.929932
2021-03-10,prices,Opening Price,3891.98999
2021-03-11,prices,Opening Price,3915.540039
2021-03-12,prices,Opening Price,3924.52002
2021-03-15,prices,Opening Price,3942.959961
2021-03-16,prices,Opening Price,3973.590088
2021-03-17,prices,Opening Price,3949.570068
2021-03-18,prices,Opening Price,3953.5
2021-03-19,prices,Opening Price,3913.139893
2021-03-22,prices,Opening Price,3916.47998
2021-03-23,prices,Opening Price,3937.600098
2021-03-24,prices,Opening Price,3919.929932
2021-03-25,prices,Opening Price,3879.340088
2021-03-26,prices,Opening Price,3917.120117
2021-03-29,prices,Opening Price,3969.310059
2021-03-30,prices,Opening Price,3963.340088
2021-03-31,prices,Opening Price,3967.25
2021-04-01,prices,Opening Price,3992.780029
2021-04-05,prices,Opening Price,4034.439941
2021-04-06,prices,Opening Price,4075.570068
2021-04-07,prices,Opening Price,4074.290039
2021-04-08,prices,Opening Price,4089.949951
2021-04-09,prices,Opening Price,4096.109863
2021-04-12,prices,Opening Price,4124.709961
2021-04-13,prices,Opening Price,4130.100098
2021-04-14,prices,Opening Price,4141.580078
2021-04-15,prices,Opening Price,4139.759766
2021-04-16,prices,Opening Price,4174.140137
2021-04-19,prices,Opening Price,4179.799805
2021-04-20,prices,Opening Price,4159.180176
2021-04-21,prices,Opening Price,4128.419922
2021-04-22,prices,Opening Price,4170.459961
2021-04-23,prices,Opening Price,4138.779785
2021-04-26,prices,Opening Price,4185.029785
2021-04-27,prices,Opening Price,4188.25
2021-04-28,prices,Opening Price,4185.140137
2021-04-29,prices,Opening Price,4206.140137
2021-04-30,prices,Opening Price,4198.100098
2021-05-03,prices,Opening Price,4191.97998
2021-05-04,prices,Opening Price,4179.040039
2021-05-05,prices,Opening Price,4177.060059
2021-05-06,prices,Opening Price,4169.140137
2021-05-07,prices,Opening Price,4210.339844
2021-05-10,prices,Opening Price,4228.290039
2021-05-11,prices,Opening Price,4150.339844
2021-05-12,prices,Opening Price,4130.549805
2021-05-13,prices,Opening Price,4074.98999
2021-05-14,prices,Opening Price,4129.580078
2021-05-17,prices,Opening Price,4169.919922
2021-05-18,prices,Opening Price,4165.939941
2021-05-19,prices,Opening Price,4098.450195
2021-05-20,prices,Opening Price,4121.970215
2021-05-21,prices,Opening Price,4168.609863
2021-05-24,prices,Opening Price,4170.160156
2021-05-25,prices,Opening Price,4205.939941
2021-05-26,prices,Opening Price,4191.589844
2021-05-27,prices,Opening Price,4201.939941
2021-05-28,prices,Opening Price,4210.77002
2021-06-01,prices,Opening Price,4216.52002
2021-06-02,prices,Opening Price,4206.819824
2021-06-03,prices,Opening Price,4191.430176
2021-06-04,prices,Opening Price,4206.049805
2021-06-07,prices,Opening Price,4229.339844
2021-06-08,prices,Opening Price,4233.810059
2021-06-09,prices,Opening Price,4232.990234
2020-06-10,prices,Closing Price,3190.139893
2020-06-11,prices,Closing Price,3002.100098
2020-06-12,prices,Closing Price,3041.310059
2020-06-15,prices,Closing Price,3066.590088
2020-06-16,prices,Closing Price,3124.73999
2020-06-17,prices,Closing Price,3113.48999
2020-06-18,prices,Closing Price,3115.340088
2020-06-19,prices,Closing Price,3097.73999
2020-06-22,prices,Closing Price,3117.860107
2020-06-23,prices,Closing Price,3131.290039
2020-06-24,prices,Closing Price,3050.330078
2020-06-25,prices,Closing Price,3083.76001
2020-06-26,prices,Closing Price,3009.050049
2020-06-29,prices,Closing Price,3053.23999
2020-06-30,prices,Closing Price,3100.290039
2020-07-01,prices,Closing Price,3115.860107
2020-07-02,prices,Closing Price,3130.01001
2020-07-06,prices,Closing Price,3179.719971
2020-07-07,prices,Closing Price,3145.320068
2020-07-08,prices,Closing Price,3169.939941
2020-07-09,prices,Closing Price,3152.050049
2020-07-10,prices,Closing Price,3185.040039
2020-07-13,prices,Closing Price,3155.219971
2020-07-14,prices,Closing Price,3197.52002
2020-07-15,prices,Closing Price,3226.560059
2020-07-16,prices,Closing Price,3215.570068
2020-07-17,prices,Closing Price,3224.72998
2020-07-20,prices,Closing Price,3251.840088
2020-07-21,prices,Closing Price,3257.300049
2020-07-22,prices,Closing Price,3276.02002
2020-07-23,prices,Closing Price,3235.659912
2020-07-24,prices,Closing Price,3215.629883
2020-07-27,prices,Closing Price,3239.409912
2020-07-28,prices,Closing Price,3218.439941
2020-07-29,prices,Closing Price,3258.439941
2020-07-30,prices,Closing Price,3246.219971
2020-07-31,prices,Closing Price,3271.120117
2020-08-03,prices,Closing Price,3294.610107
2020-08-04,prices,Closing Price,3306.51001
2020-08-05,prices,Closing Price,3327.77002
2020-08-06,prices,Closing Price,3349.159912
2020-08-07,prices,Closing Price,3351.280029
2020-08-10,prices,Closing Price,3360.469971
2020-08-11,prices,Closing Price,3333.689941
2020-08-12,prices,Closing Price,3380.350098
2020-08-13,prices,Closing Price,3373.429932
2020-08-14,prices,Closing Price,3372.850098
2020-08-17,prices,Closing Price,3381.98999
2020-08-18,prices,Closing Price,3389.780029
2020-08-19,prices,Closing Price,3374.850098
2020-08-20,prices,Closing Price,3385.51001
2020-08-21,prices,Closing Price,3397.159912
2020-08-24,prices,Closing Price,3431.280029
2020-08-25,prices,Closing Price,3443.620117
2020-08-26,prices,Closing Price,3478.72998
2020-08-27,prices,Closing Price,3484.550049
2020-08-28,prices,Closing Price,3508.01001
2020-08-31,prices,Closing Price,3500.310059
2020-09-01,prices,Closing Price,3526.649902
2020-09-02,prices,Closing Price,3580.840088
2020-09-03,prices,Closing Price,3455.060059
2020-09-04,prices,Closing Price,3426.959961
2020-09-08,prices,Closing Price,3331.840088
2020-09-09,prices,Closing Price,3398.959961
2020-09-10,prices,Closing Price,3339.189941
2020-09-11,prices,Closing Price,3340.969971
2020-09-14,prices,Closing Price,3383.540039
2020-09-15,prices,Closing Price,3401.199951
2020-09-16,prices,Closing Price,3385.48999
2020-09-17,prices,Closing Price,3357.01001
2020-09-18,prices,Closing Price,3319.469971
2020-09-21,prices,Closing Price,3281.060059
2020-09-22,prices,Closing Price,3315.570068
2020-09-23,prices,Closing Price,3236.919922
2020-09-24,prices,Closing Price,3246.590088
2020-09-25,prices,Closing Price,3298.459961
2020-09-28,prices,Closing Price,3351.600098
2020-09-29,prices,Closing Price,3335.469971
2020-09-30,prices,Closing Price,3363
2020-10-01,prices,Closing Price,3380.800049
2020-10-02,prices,Closing Price,3348.419922
2020-10-05,prices,Closing Price,3408.600098
2020-10-06,prices,Closing Price,3360.969971
2020-10-07,prices,Closing Price,3419.439941
2020-10-08,prices,Closing Price,3446.830078
2020-10-09,prices,Closing Price,3477.139893
2020-10-12,prices,Closing Price,3534.219971
2020-10-13,prices,Closing Price,3511.929932
2020-10-14,prices,Closing Price,3488.669922
2020-10-15,prices,Closing Price,3483.340088
2020-10-16,prices,Closing Price,3483.810059
2020-10-19,prices,Closing Price,3426.919922
2020-10-20,prices,Closing Price,3443.120117
2020-10-21,prices,Closing Price,3435.560059
2020-10-22,prices,Closing Price,3453.48999
2020-10-23,prices,Closing Price,3465.389893
2020-10-26,prices,Closing Price,3400.969971
2020-10-27,prices,Closing Price,3390.679932
2020-10-28,prices,Closing Price,3271.030029
2020-10-29,prices,Closing Price,3310.110107
2020-10-30,prices,Closing Price,3269.959961
2020-11-02,prices,Closing Price,3310.23999
2020-11-03,prices,Closing Price,3369.159912
2020-11-04,prices,Closing Price,3443.439941
2020-11-05,prices,Closing Price,3510.449951
2020-11-06,prices,Closing Price,3509.439941
2020-11-09,prices,Closing Price,3550.5
2020-11-10,prices,Closing Price,3545.530029
2020-11-11,prices,Closing Price,3572.659912
2020-11-12,prices,Closing Price,3537.01001
2020-11-13,prices,Closing Price,3585.149902
2020-11-16,prices,Closing Price,3626.909912
2020-11-17,prices,Closing Price,3609.530029
2020-11-18,prices,Closing Price,3567.790039
2020-11-19,prices,Closing Price,3581.870117
2020-11-20,prices,Closing Price,3557.540039
2020-11-23,prices,Closing Price,3577.590088
2020-11-24,prices,Closing Price,3635.409912
2020-11-25,prices,Closing Price,3629.649902
2020-11-27,prices,Closing Price,3638.350098
2020-11-30,prices,Closing Price,3621.629883
2020-12-01,prices,Closing Price,3662.449951
2020-12-02,prices,Closing Price,3669.01001
2020-12-03,prices,Closing Price,3666.719971
2020-12-04,prices,Closing Price,3699.120117
2020-12-07,prices,Closing Price,3691.959961
2020-12-08,prices,Closing Price,3702.25
2020-12-09,prices,Closing Price,3672.820068
2020-12-10,prices,Closing Price,3668.100098
2020-12-11,prices,Closing Price,3663.459961
2020-12-14,prices,Closing Price,3647.48999
2020-12-15,prices,Closing Price,3694.620117
2020-12-16,prices,Closing Price,3701.169922
2020-12-17,prices,Closing Price,3722.47998
2020-12-18,prices,Closing Price,3709.409912
2020-12-21,prices,Closing Price,3694.919922
2020-12-22,prices,Closing Price,3687.26001
2020-12-23,prices,Closing Price,3690.01001
2020-12-24,prices,Closing Price,3703.060059
2020-12-28,prices,Closing Price,3735.360107
2020-12-29,prices,Closing Price,3727.040039
2020-12-30,prices,Closing Price,3732.040039
2020-12-31,prices,Closing Price,3756.070068
2021-01-04,prices,Closing Price,3700.649902
2021-01-05,prices,Closing Price,3726.860107
2021-01-06,prices,Closing Price,3748.139893
2021-01-07,prices,Closing Price,3803.790039
2021-01-08,prices,Closing Price,3824.679932
2021-01-11,prices,Closing Price,3799.610107
2021-01-12,prices,Closing Price,3801.189941
2021-01-13,prices,Closing Price,3809.840088
2021-01-14,prices,Closing Price,3795.540039
2021-01-15,prices,Closing Price,3768.25
2021-01-19,prices,Closing Price,3798.909912
2021-01-20,prices,Closing Price,3851.850098
2021-01-21,prices,Closing Price,3853.070068
2021-01-22,prices,Closing Price,3841.469971
2021-01-25,prices,Closing Price,3855.360107
2021-01-26,prices,Closing Price,3849.620117
2021-01-27,prices,Closing Price,3750.77002
2021-01-28,prices,Closing Price,3787.379883
2021-01-29,prices,Closing Price,3714.23999
2021-02-01,prices,Closing Price,3773.860107
2021-02-02,prices,Closing Price,3826.310059
2021-02-03,prices,Closing Price,3830.169922
2021-02-04,prices,Closing Price,3871.73999
2021-02-05,prices,Closing Price,3886.830078
2021-02-08,prices,Closing Price,3915.590088
2021-02-09,prices,Closing Price,3911.22998
2021-02-10,prices,Closing Price,3909.879883
2021-02-11,prices,Closing Price,3916.379883
2021-02-12,prices,Closing Price,3934.830078
2021-02-16,prices,Closing Price,3932.590088
2021-02-17,prices,Closing Price,3931.330078
2021-02-18,prices,Closing Price,3913.969971
2021-02-19,prices,Closing Price,3906.709961
2021-02-22,prices,Closing Price,3876.5
2021-02-23,prices,Closing Price,3881.370117
2021-02-24,prices,Closing Price,3925.429932
2021-02-25,prices,Closing Price,3829.340088
2021-02-26,prices,Closing Price,3811.149902
2021-03-01,prices,Closing Price,3901.820068
2021-03-02,prices,Closing Price,3870.290039
2021-03-03,prices,Closing Price,3819.719971
2021-03-04,prices,Closing Price,3768.469971
2021-03-05,prices,Closing Price,3841.939941
2021-03-08,prices,Closing Price,3821.350098
2021-03-09,prices,Closing Price,3875.439941
2021-03-10,prices,Closing Price,3898.810059
2021-03-11,prices,Closing Price,3939.340088
2021-03-12,prices,Closing Price,3943.340088
2021-03-15,prices,Closing Price,3968.939941
2021-03-16,prices,Closing Price,3962.709961
2021-03-17,prices,Closing Price,3974.120117
2021-03-18,prices,Closing Price,3915.459961
2021-03-19,prices,Closing Price,3913.100098
2021-03-22,prices,Closing Price,3940.590088
2021-03-23,prices,Closing Price,3910.52002
2021-03-24,prices,Closing Price,3889.139893
2021-03-25,prices,Closing Price,3909.52002
2021-03-26,prices,Closing Price,3974.540039
2021-03-29,prices,Closing Price,3971.090088
2021-03-30,prices,Closing Price,3958.550049
2021-03-31,prices,Closing Price,3972.889893
2021-04-01,prices,Closing Price,4019.870117
2021-04-05,prices,Closing Price,4077.909912
2021-04-06,prices,Closing Price,4073.939941
2021-04-07,prices,Closing Price,4079.949951
2021-04-08,prices,Closing Price,4097.169922
2021-04-09,prices,Closing Price,4128.799805
2021-04-12,prices,Closing Price,4127.990234
2021-04-13,prices,Closing Price,4141.589844
2021-04-14,prices,Closing Price,4124.660156
2021-04-15,prices,Closing Price,4170.419922
2021-04-16,prices,Closing Price,4185.470215
2021-04-19,prices,Closing Price,4163.259766
2021-04-20,prices,Closing Price,4134.939941
2021-04-21,prices,Closing Price,4173.419922
2021-04-22,prices,Closing Price,4134.97998
2021-04-23,prices,Closing Price,4180.169922
2021-04-26,prices,Closing Price,4187.620117
2021-04-27,prices,Closing Price,4186.720215
2021-04-28,prices,Closing Price,4183.180176
2021-04-29,prices,Closing Price,4211.470215
2021-04-30,prices,Closing Price,4181.169922
2021-05-03,prices,Closing Price,4192.660156
2021-05-04,prices,Closing Price,4164.660156
2021-05-05,prices,Closing Price,4167.589844
2021-05-06,prices,Closing Price,4201.620117
2021-05-07,prices,Closing Price,4232.600098
2021-05-10,prices,Closing Price,4188.430176
2021-05-11,prices,Closing Price,4152.100098
2021-05-12,prices,Closing Price,4063.040039
2021-05-13,prices,Closing Price,4112.5
2021-05-14,prices,Closing Price,4173.850098
2021-05-17,prices,Closing Price,4163.290039
2021-05-18,prices,Closing Price,4127.830078
2021-05-19,prices,Closing Price,4115.680176
2021-05-20,prices,Closing Price,4159.120117
2021-05-21,prices,Closing Price,4155.859863
2021-05-24,prices,Closing Price,4197.049805
2021-05-25,prices,Closing Price,4188.129883
2021-05-26,prices,Closing Price,4195.990234
2021-05-27,prices,Closing Price,4200.879883
2021-05-28,prices,Closing Price,4204.109863
2021-06-01,prices,Closing Price,4202.040039
2021-06-02,prices,Closing Price,4208.120117
2021-06-03,prices,Closing Price,4192.850098
2021-06-04,prices,Closing Price,4229.890137
2021-06-07,prices,Closing Price,4226.52002
2021-06-08,prices,Closing Price,4227.259766
2021-06-09,prices,Closing Price,4219.549805
2020-06-10,prices,High Price,3223.27002
2020-06-11,prices,High Price,3123.530029
2020-06-12,prices,High Price,3088.419922
2020-06-15,prices,High Price,3079.76001
2020-06-16,prices,High Price,3153.449951
2020-06-17,prices,High Price,3141.159912
2020-06-18,prices,High Price,3120
2020-06-19,prices,High Price,3155.530029
2020-06-22,prices,High Price,3120.919922
2020-06-23,prices,High Price,3154.899902
2020-06-24,prices,High Price,3115.01001
2020-06-25,prices,High Price,3086.25
2020-06-26,prices,High Price,3073.72998
2020-06-29,prices,High Price,3053.889893
2020-06-30,prices,High Price,3111.51001
2020-07-01,prices,High Price,3128.439941
2020-07-02,prices,High Price,3165.810059
2020-07-06,prices,High Price,3182.590088
2020-07-07,prices,High Price,3184.149902
2020-07-08,prices,High Price,3171.800049
2020-07-09,prices,High Price,3179.780029
2020-07-10,prices,High Price,3186.820068
2020-07-13,prices,High Price,3235.320068
2020-07-14,prices,High Price,3200.949951
2020-07-15,prices,High Price,3238.280029
2020-07-16,prices,High Price,3220.389893
2020-07-17,prices,High Price,3233.52002
2020-07-20,prices,High Price,3258.610107
2020-07-21,prices,High Price,3277.290039
2020-07-22,prices,High Price,3279.320068
2020-07-23,prices,High Price,3279.98999
2020-07-24,prices,High Price,3227.26001
2020-07-27,prices,High Price,3241.429932
2020-07-28,prices,High Price,3243.719971
2020-07-29,prices,High Price,3264.73999
2020-07-30,prices,High Price,3250.919922
2020-07-31,prices,High Price,3272.169922
2020-08-03,prices,High Price,3302.72998
2020-08-04,prices,High Price,3306.840088
2020-08-05,prices,High Price,3330.77002
2020-08-06,prices,High Price,3351.030029
2020-08-07,prices,High Price,3352.540039
2020-08-10,prices,High Price,3363.290039
2020-08-11,prices,High Price,3381.01001
2020-08-12,prices,High Price,3387.889893
2020-08-13,prices,High Price,3387.23999
2020-08-14,prices,High Price,3378.51001
2020-08-17,prices,High Price,3387.590088
2020-08-18,prices,High Price,3395.060059
2020-08-19,prices,High Price,3399.540039
2020-08-20,prices,High Price,3390.800049
2020-08-21,prices,High Price,3399.959961
2020-08-24,prices,High Price,3432.090088
2020-08-25,prices,High Price,3444.209961
2020-08-26,prices,High Price,3481.070068
2020-08-27,prices,High Price,3501.379883
2020-08-28,prices,High Price,3509.22998
2020-08-31,prices,High Price,3514.77002
2020-09-01,prices,High Price,3528.030029
2020-09-02,prices,High Price,3588.110107
2020-09-03,prices,High Price,3564.850098
2020-09-04,prices,High Price,3479.149902
2020-09-08,prices,High Price,3379.969971
2020-09-09,prices,High Price,3424.77002
2020-09-10,prices,High Price,3425.550049
2020-09-11,prices,High Price,3368.949951
2020-09-14,prices,High Price,3402.929932
2020-09-15,prices,High Price,3419.47998
2020-09-16,prices,High Price,3428.919922
2020-09-17,prices,High Price,3375.169922
2020-09-18,prices,High Price,3362.27002
2020-09-21,prices,High Price,3285.570068
2020-09-22,prices,High Price,3320.310059
2020-09-23,prices,High Price,3323.350098
2020-09-24,prices,High Price,3278.699951
2020-09-25,prices,High Price,3306.879883
2020-09-28,prices,High Price,3360.73999
2020-09-29,prices,High Price,3357.919922
2020-09-30,prices,High Price,3393.560059
2020-10-01,prices,High Price,3397.179932
2020-10-02,prices,High Price,3369.100098
2020-10-05,prices,High Price,3409.570068
2020-10-06,prices,High Price,3431.560059
2020-10-07,prices,High Price,3426.26001
2020-10-08,prices,High Price,3447.280029
2020-10-09,prices,High Price,3482.340088
2020-10-12,prices,High Price,3549.850098
2020-10-13,prices,High Price,3534.01001
2020-10-14,prices,High Price,3527.939941
2020-10-15,prices,High Price,3489.080078
2020-10-16,prices,High Price,3515.76001
2020-10-19,prices,High Price,3502.419922
2020-10-20,prices,High Price,3476.929932
2020-10-21,prices,High Price,3464.860107
2020-10-22,prices,High Price,3460.530029
2020-10-23,prices,High Price,3466.459961
2020-10-26,prices,High Price,3441.419922
2020-10-27,prices,High Price,3409.51001
2020-10-28,prices,High Price,3342.47998
2020-10-29,prices,High Price,3341.050049
2020-10-30,prices,High Price,3304.929932
2020-11-02,prices,High Price,3330.139893
2020-11-03,prices,High Price,3389.48999
2020-11-04,prices,High Price,3486.25
2020-11-05,prices,High Price,3529.050049
2020-11-06,prices,High Price,3521.580078
2020-11-09,prices,High Price,3645.98999
2020-11-10,prices,High Price,3557.219971
2020-11-11,prices,High Price,3581.159912
2020-11-12,prices,High Price,3569.02002
2020-11-13,prices,High Price,3593.659912
2020-11-16,prices,High Price,3628.51001
2020-11-17,prices,High Price,3623.110107
2020-11-18,prices,High Price,3619.090088
2020-11-19,prices,High Price,3585.219971
2020-11-20,prices,High Price,3581.22998
2020-11-23,prices,High Price,3589.810059
2020-11-24,prices,High Price,3642.310059
2020-11-25,prices,High Price,3635.5
2020-11-27,prices,High Price,3644.310059
2020-11-30,prices,High Price,3634.179932
2020-12-01,prices,High Price,3678.449951
2020-12-02,prices,High Price,3670.959961
2020-12-03,prices,High Price,3682.72998
2020-12-04,prices,High Price,3699.199951
2020-12-07,prices,High Price,3697.409912
2020-12-08,prices,High Price,3708.449951
2020-12-09,prices,High Price,3712.389893
2020-12-10,prices,High Price,3678.48999
2020-12-11,prices,High Price,3665.909912
2020-12-14,prices,High Price,3697.610107
2020-12-15,prices,High Price,3695.290039
2020-12-16,prices,High Price,3711.27002
2020-12-17,prices,High Price,3725.120117
2020-12-18,prices,High Price,3726.699951
2020-12-21,prices,High Price,3702.899902
2020-12-22,prices,High Price,3698.26001
2020-12-23,prices,High Price,3711.23999
2020-12-24,prices,High Price,3703.820068
2020-12-28,prices,High Price,3740.51001
2020-12-29,prices,High Price,3756.120117
2020-12-30,prices,High Price,3744.629883
2020-12-31,prices,High Price,3760.199951
2021-01-04,prices,High Price,3769.98999
2021-01-05,prices,High Price,3737.830078
2021-01-06,prices,High Price,3783.040039
2021-01-07,prices,High Price,3811.550049
2021-01-08,prices,High Price,3826.689941
2021-01-11,prices,High Price,3817.860107
2021-01-12,prices,High Price,3810.780029
2021-01-13,prices,High Price,3820.959961
2021-01-14,prices,High Price,3823.600098
2021-01-15,prices,High Price,3788.72998
2021-01-19,prices,High Price,3804.530029
2021-01-20,prices,High Price,3859.75
2021-01-21,prices,High Price,3861.449951
2021-01-22,prices,High Price,3852.310059
2021-01-25,prices,High Price,3859.22998
2021-01-26,prices,High Price,3870.899902
2021-01-27,prices,High Price,3836.830078
2021-01-28,prices,High Price,3830.5
2021-01-29,prices,High Price,3778.050049
2021-02-01,prices,High Price,3784.320068
2021-02-02,prices,High Price,3843.090088
2021-02-03,prices,High Price,3847.51001
2021-02-04,prices,High Price,3872.419922
2021-02-05,prices,High Price,3894.560059
2021-02-08,prices,High Price,3915.77002
2021-02-09,prices,High Price,3918.350098
2021-02-10,prices,High Price,3931.5
2021-02-11,prices,High Price,3925.98999
2021-02-12,prices,High Price,3937.22998
2021-02-16,prices,High Price,3950.429932
2021-02-17,prices,High Price,3933.610107
2021-02-18,prices,High Price,3921.97998
2021-02-19,prices,High Price,3930.409912
2021-02-22,prices,High Price,3902.919922
2021-02-23,prices,High Price,3895.97998
2021-02-24,prices,High Price,3928.649902
2021-02-25,prices,High Price,3925.02002
2021-02-26,prices,High Price,3861.080078
2021-03-01,prices,High Price,3914.5
2021-03-02,prices,High Price,3906.409912
2021-03-03,prices,High Price,3874.469971
2021-03-04,prices,High Price,3843.669922
2021-03-05,prices,High Price,3851.689941
2021-03-08,prices,High Price,3881.060059
2021-03-09,prices,High Price,3903.76001
2021-03-10,prices,High Price,3917.350098
2021-03-11,prices,High Price,3960.27002
2021-03-12,prices,High Price,3944.98999
2021-03-15,prices,High Price,3970.080078
2021-03-16,prices,High Price,3981.040039
2021-03-17,prices,High Price,3983.870117
2021-03-18,prices,High Price,3969.620117
2021-03-19,prices,High Price,3930.120117
2021-03-22,prices,High Price,3955.310059
2021-03-23,prices,High Price,3949.129883
2021-03-24,prices,High Price,3942.080078
2021-03-25,prices,High Price,3919.540039
2021-03-26,prices,High Price,3978.189941
2021-03-29,prices,High Price,3981.830078
2021-03-30,prices,High Price,3968.01001
2021-03-31,prices,High Price,3994.409912
2021-04-01,prices,High Price,4020.629883
2021-04-05,prices,High Price,4083.419922
2021-04-06,prices,High Price,4086.22998
2021-04-07,prices,High Price,4083.129883
2021-04-08,prices,High Price,4098.189941
2021-04-09,prices,High Price,4129.47998
2021-04-12,prices,High Price,4131.759766
2021-04-13,prices,High Price,4148
2021-04-14,prices,High Price,4151.689941
2021-04-15,prices,High Price,4173.490234
2021-04-16,prices,High Price,4191.310059
2021-04-19,prices,High Price,4180.810059
2021-04-20,prices,High Price,4159.180176
2021-04-21,prices,High Price,4175.02002
2021-04-22,prices,High Price,4179.569824
2021-04-23,prices,High Price,4194.169922
2021-04-26,prices,High Price,4194.189941
2021-04-27,prices,High Price,4193.350098
2021-04-28,prices,High Price,4201.529785
2021-04-29,prices,High Price,4218.779785
2021-04-30,prices,High Price,4198.100098
2021-05-03,prices,High Price,4209.390137
2021-05-04,prices,High Price,4179.040039
2021-05-05,prices,High Price,4187.720215
2021-05-06,prices,High Price,4202.700195
2021-05-07,prices,High Price,4238.040039
2021-05-10,prices,High Price,4236.390137
2021-05-11,prices,High Price,4162.040039
2021-05-12,prices,High Price,4134.72998
2021-05-13,prices,High Price,4131.580078
2021-05-14,prices,High Price,4183.129883
2021-05-17,prices,High Price,4171.919922
2021-05-18,prices,High Price,4169.149902
2021-05-19,prices,High Price,4116.930176
2021-05-20,prices,High Price,4172.799805
2021-05-21,prices,High Price,4188.720215
2021-05-24,prices,High Price,4209.52002
2021-05-25,prices,High Price,4213.419922
2021-05-26,prices,High Price,4202.609863
2021-05-27,prices,High Price,4213.379883
2021-05-28,prices,High Price,4218.359863
2021-06-01,prices,High Price,4234.120117
2021-06-02,prices,High Price,4217.370117
2021-06-03,prices,High Price,4204.390137
2021-06-04,prices,High Price,4233.450195
2021-06-07,prices,High Price,4232.339844
2021-06-08,prices,High Price,4236.740234
2021-06-09,prices,High Price,4237.089844
2020-06-10,prices,Low Price,3181.48999
2020-06-11,prices,Low Price,2999.48999
2020-06-12,prices,Low Price,2984.469971
2020-06-15,prices,Low Price,2965.659912
2020-06-16,prices,Low Price,3076.060059
2020-06-17,prices,Low Price,3108.030029
2020-06-18,prices,Low Price,3093.51001
2020-06-19,prices,Low Price,3083.110107
2020-06-22,prices,Low Price,3079.389893
2020-06-23,prices,Low Price,3127.120117
2020-06-24,prices,Low Price,3032.129883
2020-06-25,prices,Low Price,3024.01001
2020-06-26,prices,Low Price,3004.629883
2020-06-29,prices,Low Price,2999.73999
2020-06-30,prices,Low Price,3047.830078
2020-07-01,prices,Low Price,3101.169922
2020-07-02,prices,Low Price,3124.52002
2020-07-06,prices,Low Price,3155.290039
2020-07-07,prices,Low Price,3142.929932
2020-07-08,prices,Low Price,3136.530029
2020-07-09,prices,Low Price,3115.699951
2020-07-10,prices,Low Price,3136.219971
2020-07-13,prices,Low Price,3149.429932
2020-07-14,prices,Low Price,3127.659912
2020-07-15,prices,Low Price,3200.76001
2020-07-16,prices,Low Price,3198.590088
2020-07-17,prices,Low Price,3205.649902
2020-07-20,prices,Low Price,3215.159912
2020-07-21,prices,Low Price,3247.77002
2020-07-22,prices,Low Price,3253.100098
2020-07-23,prices,Low Price,3222.659912
2020-07-24,prices,Low Price,3200.050049
2020-07-27,prices,Low Price,3214.25
2020-07-28,prices,Low Price,3216.169922
2020-07-29,prices,Low Price,3227.219971
2020-07-30,prices,Low Price,3204.129883
2020-07-31,prices,Low Price,3220.26001
2020-08-03,prices,Low Price,3284.530029
2020-08-04,prices,Low Price,3286.370117
2020-08-05,prices,Low Price,3317.370117
2020-08-06,prices,Low Price,3318.139893
2020-08-07,prices,Low Price,3328.719971
2020-08-10,prices,Low Price,3335.439941
2020-08-11,prices,Low Price,3326.439941
2020-08-12,prices,Low Price,3355.459961
2020-08-13,prices,Low Price,3363.350098
2020-08-14,prices,Low Price,3361.639893
2020-08-17,prices,Low Price,3379.219971
2020-08-18,prices,Low Price,3370.149902
2020-08-19,prices,Low Price,3369.659912
2020-08-20,prices,Low Price,3354.689941
2020-08-21,prices,Low Price,3379.310059
2020-08-24,prices,Low Price,3413.129883
2020-08-25,prices,Low Price,3425.840088
2020-08-26,prices,Low Price,3444.149902
2020-08-27,prices,Low Price,3468.350098
2020-08-28,prices,Low Price,3484.320068
2020-08-31,prices,Low Price,3493.25
2020-09-01,prices,Low Price,3494.600098
2020-09-02,prices,Low Price,3535.22998
2020-09-03,prices,Low Price,3427.409912
2020-09-04,prices,Low Price,3349.629883
2020-09-08,prices,Low Price,3329.27002
2020-09-09,prices,Low Price,3366.840088
2020-09-10,prices,Low Price,3329.25
2020-09-11,prices,Low Price,3310.469971
2020-09-14,prices,Low Price,3363.560059
2020-09-15,prices,Low Price,3389.25
2020-09-16,prices,Low Price,3384.449951
2020-09-17,prices,Low Price,3328.820068
2020-09-18,prices,Low Price,3292.399902
2020-09-21,prices,Low Price,3229.100098
2020-09-22,prices,Low Price,3270.949951
2020-09-23,prices,Low Price,3232.570068
2020-09-24,prices,Low Price,3209.449951
2020-09-25,prices,Low Price,3228.439941
2020-09-28,prices,Low Price,3332.909912
2020-09-29,prices,Low Price,3327.540039
2020-09-30,prices,Low Price,3340.469971
2020-10-01,prices,Low Price,3361.389893
2020-10-02,prices,Low Price,3323.689941
2020-10-05,prices,Low Price,3367.27002
2020-10-06,prices,Low Price,3354.540039
2020-10-07,prices,Low Price,3384.560059
2020-10-08,prices,Low Price,3428.149902
2020-10-09,prices,Low Price,3458.070068
2020-10-12,prices,Low Price,3499.610107
2020-10-13,prices,Low Price,3500.860107
2020-10-14,prices,Low Price,3480.550049
2020-10-15,prices,Low Price,3440.889893
2020-10-16,prices,Low Price,3480.449951
2020-10-19,prices,Low Price,3419.929932
2020-10-20,prices,Low Price,3435.649902
2020-10-21,prices,Low Price,3433.060059
2020-10-22,prices,Low Price,3415.340088
2020-10-23,prices,Low Price,3440.449951
2020-10-26,prices,Low Price,3364.860107
2020-10-27,prices,Low Price,3388.709961
2020-10-28,prices,Low Price,3268.889893
2020-10-29,prices,Low Price,3259.820068
2020-10-30,prices,Low Price,3233.939941
2020-11-02,prices,Low Price,3279.73999
2020-11-03,prices,Low Price,3336.25
2020-11-04,prices,Low Price,3405.169922
2020-11-05,prices,Low Price,3485.73999
2020-11-06,prices,Low Price,3484.340088
2020-11-09,prices,Low Price,3547.47998
2020-11-10,prices,Low Price,3511.909912
2020-11-11,prices,Low Price,3557
2020-11-12,prices,Low Price,3518.580078
2020-11-13,prices,Low Price,3552.570068
2020-11-16,prices,Low Price,3600.159912
2020-11-17,prices,Low Price,3588.679932
2020-11-18,prices,Low Price,3567.330078
2020-11-19,prices,Low Price,3543.840088
2020-11-20,prices,Low Price,3556.850098
2020-11-23,prices,Low Price,3552.77002
2020-11-24,prices,Low Price,3594.52002
2020-11-25,prices,Low Price,3617.76001
2020-11-27,prices,Low Price,3629.330078
2020-11-30,prices,Low Price,3594.389893
2020-12-01,prices,Low Price,3645.870117
2020-12-02,prices,Low Price,3644.840088
2020-12-03,prices,Low Price,3657.169922
2020-12-04,prices,Low Price,3670.939941
2020-12-07,prices,Low Price,3678.879883
2020-12-08,prices,Low Price,3678.830078
2020-12-09,prices,Low Price,3660.540039
2020-12-10,prices,Low Price,3645.179932
2020-12-11,prices,Low Price,3633.399902
2020-12-14,prices,Low Price,3645.840088
2020-12-15,prices,Low Price,3659.620117
2020-12-16,prices,Low Price,3688.570068
2020-12-17,prices,Low Price,3710.870117
2020-12-18,prices,Low Price,3685.840088
2020-12-21,prices,Low Price,3636.47998
2020-12-22,prices,Low Price,3676.159912
2020-12-23,prices,Low Price,3689.280029
2020-12-24,prices,Low Price,3689.320068
2020-12-28,prices,Low Price,3723.030029
2020-12-29,prices,Low Price,3723.310059
2020-12-30,prices,Low Price,3730.209961
2020-12-31,prices,Low Price,3726.879883
2021-01-04,prices,Low Price,3662.709961
2021-01-05,prices,Low Price,3695.070068
2021-01-06,prices,Low Price,3705.340088
2021-01-07,prices,Low Price,3764.709961
2021-01-08,prices,Low Price,3783.600098
2021-01-11,prices,Low Price,3789.02002
2021-01-12,prices,Low Price,3776.51001
2021-01-13,prices,Low Price,3791.5
2021-01-14,prices,Low Price,3792.860107
2021-01-15,prices,Low Price,3749.620117
2021-01-19,prices,Low Price,3780.370117
2021-01-20,prices,Low Price,3816.219971
2021-01-21,prices,Low Price,3845.050049
2021-01-22,prices,Low Price,3830.409912
2021-01-25,prices,Low Price,3797.159912
2021-01-26,prices,Low Price,3847.780029
2021-01-27,prices,Low Price,3732.47998
2021-01-28,prices,Low Price,3755.75
2021-01-29,prices,Low Price,3694.120117
2021-02-01,prices,Low Price,3725.620117
2021-02-02,prices,Low Price,3791.840088
2021-02-03,prices,Low Price,3816.679932
2021-02-04,prices,Low Price,3836.659912
2021-02-05,prices,Low Price,3874.929932
2021-02-08,prices,Low Price,3892.590088
2021-02-09,prices,Low Price,3902.639893
2021-02-10,prices,Low Price,3884.939941
2021-02-11,prices,Low Price,3890.389893
2021-02-12,prices,Low Price,3905.780029
2021-02-16,prices,Low Price,3923.850098
2021-02-17,prices,Low Price,3900.429932
2021-02-18,prices,Low Price,3885.030029
2021-02-19,prices,Low Price,3903.070068
2021-02-22,prices,Low Price,3874.709961
2021-02-23,prices,Low Price,3805.590088
2021-02-24,prices,Low Price,3859.600098
2021-02-25,prices,Low Price,3814.040039
2021-02-26,prices,Low Price,3789.540039
2021-03-01,prices,Low Price,3842.51001
2021-03-02,prices,Low Price,3868.570068
2021-03-03,prices,Low Price,3818.860107
2021-03-04,prices,Low Price,3723.340088
2021-03-05,prices,Low Price,3730.189941
2021-03-08,prices,Low Price,3819.25
2021-03-09,prices,Low Price,3851.929932
2021-03-10,prices,Low Price,3885.72998
2021-03-11,prices,Low Price,3915.540039
2021-03-12,prices,Low Price,3915.209961
2021-03-15,prices,Low Price,3923.540039
2021-03-16,prices,Low Price,3953.439941
2021-03-17,prices,Low Price,3935.73999
2021-03-18,prices,Low Price,3910.860107
2021-03-19,prices,Low Price,3886.75
2021-03-22,prices,Low Price,3914.159912
2021-03-23,prices,Low Price,3901.570068
2021-03-24,prices,Low Price,3889.070068
2021-03-25,prices,Low Price,3853.5
2021-03-26,prices,Low Price,3917.120117
2021-03-29,prices,Low Price,3943.25
2021-03-30,prices,Low Price,3944.350098
2021-03-31,prices,Low Price,3966.97998
2021-04-01,prices,Low Price,3992.780029
2021-04-05,prices,Low Price,4034.439941
2021-04-06,prices,Low Price,4068.139893
2021-04-07,prices,Low Price,4068.310059
2021-04-08,prices,Low Price,4082.540039
2021-04-09,prices,Low Price,4095.51001
2021-04-12,prices,Low Price,4114.819824
2021-04-13,prices,Low Price,4124.430176
2021-04-14,prices,Low Price,4120.870117
2021-04-15,prices,Low Price,4139.759766
2021-04-16,prices,Low Price,4170.75
2021-04-19,prices,Low Price,4150.470215
2021-04-20,prices,Low Price,4118.379883
2021-04-21,prices,Low Price,4126.350098
2021-04-22,prices,Low Price,4123.689941
2021-04-23,prices,Low Price,4138.779785
2021-04-26,prices,Low Price,4182.359863
2021-04-27,prices,Low Price,4176.220215
2021-04-28,prices,Low Price,4181.779785
2021-04-29,prices,Low Price,4176.810059
2021-04-30,prices,Low Price,4174.850098
2021-05-03,prices,Low Price,4188.029785
2021-05-04,prices,Low Price,4128.589844
2021-05-05,prices,Low Price,4160.939941
2021-05-06,prices,Low Price,4147.330078
2021-05-07,prices,Low Price,4201.640137
2021-05-10,prices,Low Price,4188.129883
2021-05-11,prices,Low Price,4111.529785
2021-05-12,prices,Low Price,4056.879883
2021-05-13,prices,Low Price,4074.98999
2021-05-14,prices,Low Price,4129.580078
2021-05-17,prices,Low Price,4142.689941
2021-05-18,prices,Low Price,4125.990234
2021-05-19,prices,Low Price,4061.409912
2021-05-20,prices,Low Price,4121.970215
2021-05-21,prices,Low Price,4151.720215
2021-05-24,prices,Low Price,4170.160156
2021-05-25,prices,Low Price,4182.52002
2021-05-26,prices,Low Price,4184.109863
2021-05-27,prices,Low Price,4197.779785
2021-05-28,prices,Low Price,4203.569824
2021-06-01,prices,Low Price,4197.589844
2021-06-02,prices,Low Price,4198.27002
2021-06-03,prices,Low Price,4167.930176
2021-06-04,prices,Low Price,4206.049805
2021-06-07,prices,Low Price,4215.660156
2021-06-08,prices,Low Price,4208.410156
2021-06-09,prices,Low Price,4218.740234
2020-06-10,prices,Adjusted Price,3190.139893
2020-06-11,prices,Adjusted Price,3002.100098
2020-06-12,prices,Adjusted Price,3041.310059
2020-06-15,prices,Adjusted Price,3066.590088
2020-06-16,prices,Adjusted Price,3124.73999
2020-06-17,prices,Adjusted Price,3113.48999
2020-06-18,prices,Adjusted Price,3115.340088
2020-06-19,prices,Adjusted Price,3097.73999
2020-06-22,prices,Adjusted Price,3117.860107
2020-06-23,prices,Adjusted Price,3131.290039
2020-06-24,prices,Adjusted Price,3050.330078
2020-06-25,prices,Adjusted Price,3083.76001
2020-06-26,prices,Adjusted Price,3009.050049
2020-06-29,prices,Adjusted Price,3053.23999
2020-06-30,prices,Adjusted Price,3100.290039
2020-07-01,prices,Adjusted Price,3115.860107
2020-07-02,prices,Adjusted Price,3130.01001
2020-07-06,prices,Adjusted Price,3179.719971
2020-07-07,prices,Adjusted Price,3145.320068
2020-07-08,prices,Adjusted Price,3169.939941
2020-07-09,prices,Adjusted Price,3152.050049
2020-07-10,prices,Adjusted Price,3185.040039
2020-07-13,prices,Adjusted Price,3155.219971
2020-07-14,prices,Adjusted Price,3197.52002
2020-07-15,prices,Adjusted Price,3226.560059
2020-07-16,prices,Adjusted Price,3215.570068
2020-07-17,prices,Adjusted Price,3224.72998
2020-07-20,prices,Adjusted Price,3251.840088
2020-07-21,prices,Adjusted Price,3257.300049
2020-07-22,prices,Adjusted Price,3276.02002
2020-07-23,prices,Adjusted Price,3235.659912
2020-07-24,prices,Adjusted Price,3215.629883
2020-07-27,prices,Adjusted Price,3239.409912
2020-07-28,prices,Adjusted Price,3218.439941
2020-07-29,prices,Adjusted Price,3258.439941
2020-07-30,prices,Adjusted Price,3246.219971
2020-07-31,prices,Adjusted Price,3271.120117
2020-08-03,prices,Adjusted Price,3294.610107
2020-08-04,prices,Adjusted Price,3306.51001
2020-08-05,prices,Adjusted Price,3327.77002
2020-08-06,prices,Adjusted Price,3349.159912
2020-08-07,prices,Adjusted Price,3351.280029
2020-08-10,prices,Adjusted Price,3360.469971
2020-08-11,prices,Adjusted Price,3333.689941
2020-08-12,prices,Adjusted Price,3380.350098
2020-08-13,prices,Adjusted Price,3373.429932
2020-08-14,prices,Adjusted Price,3372.850098
2020-08-17,prices,Adjusted Price,3381.98999
2020-08-18,prices,Adjusted Price,3389.780029
2020-08-19,prices,Adjusted Price,3374.850098
2020-08-20,prices,Adjusted Price,3385.51001
2020-08-21,prices,Adjusted Price,3397.159912
2020-08-24,prices,Adjusted Price,3431.280029
2020-08-25,prices,Adjusted Price,3443.620117
2020-08-26,prices,Adjusted Price,3478.72998
2020-08-27,prices,Adjusted Price,3484.550049
2020-08-28,prices,Adjusted Price,3508.01001
2020-08-31,prices,Adjusted Price,3500.310059
2020-09-01,prices,Adjusted Price,3526.649902
2020-09-02,prices,Adjusted Price,3580.840088
2020-09-03,prices,Adjusted Price,3455.060059
2020-09-04,prices,Adjusted Price,3426.959961
2020-09-08,prices,Adjusted Price,3331.840088
2020-09-09,prices,Adjusted Price,3398.959961
2020-09-10,prices,Adjusted Price,3339.189941
2020-09-11,prices,Adjusted Price,3340.969971
2020-09-14,prices,Adjusted Price,3383.540039
2020-09-15,prices,Adjusted Price,3401.199951
2020-09-16,prices,Adjusted Price,3385.48999
2020-09-17,prices,Adjusted Price,3357.01001
2020-09-18,prices,Adjusted Price,3319.469971
2020-09-21,prices,Adjusted Price,3281.060059
2020-09-22,prices,Adjusted Price,3315.570068
2020-09-23,prices,Adjusted Price,3236.919922
2020-09-24,prices,Adjusted Price,3246.590088
2020-09-25,prices,Adjusted Price,3298.459961
2020-09-28,prices,Adjusted Price,3351.600098
2020-09-29,prices,Adjusted Price,3335.469971
2020-09-30,prices,Adjusted Price,3363
2020-10-01,prices,Adjusted Price,3380.800049
2020-10-02,prices,Adjusted Price,3348.419922
2020-10-05,prices,Adjusted Price,3408.600098
2020-10-06,prices,Adjusted Price,3360.969971
2020-10-07,prices,Adjusted Price,3419.439941
2020-10-08,prices,Adjusted Price,3446.830078
2020-10-09,prices,Adjusted Price,3477.139893
2020-10-12,prices,Adjusted Price,3534.219971
2020-10-13,prices,Adjusted Price,3511.929932
2020-10-14,prices,Adjusted Price,3488.669922
2020-10-15,prices,Adjusted Price,3483.340088
2020-10-16,prices,Adjusted Price,3483.810059
2020-10-19,prices,Adjusted Price,3426.919922
2020-10-20,prices,Adjusted Price,3443.120117
2020-10-21,prices,Adjusted Price,3435.560059
2020-10-22,prices,Adjusted Price,3453.48999
2020-10-23,prices,Adjusted Price,3465.389893
2020-10-26,prices,Adjusted Price,3400.969971
2020-10-27,prices,Adjusted Price,3390.679932
2020-10-28,prices,Adjusted Price,3271.030029
2020-10-29,prices,Adjusted Price,3310.110107
2020-10-30,prices,Adjusted Price,3269.959961
2020-11-02,prices,Adjusted Price,3310.23999
2020-11-03,prices,Adjusted Price,3369.159912
2020-11-04,prices,Adjusted Price,3443.439941
2020-11-05,prices,Adjusted Price,3510.449951
2020-11-06,prices,Adjusted Price,3509.439941
2020-11-09,prices,Adjusted Price,3550.5
2020-11-10,prices,Adjusted Price,3545.530029
2020-11-11,prices,Adjusted Price,3572.659912
2020-11-12,prices,Adjusted Price,3537.01001
2020-11-13,prices,Adjusted Price,3585.149902
2020-11-16,prices,Adjusted Price,3626.909912
2020-11-17,prices,Adjusted Price,3609.530029
2020-11-18,prices,Adjusted Price,3567.790039
2020-11-19,prices,Adjusted Price,3581.870117
2020-11-20,prices,Adjusted Price,3557.540039
2020-11-23,prices,Adjusted Price,3577.590088
2020-11-24,prices,Adjusted Price,3635.409912
2020-11-25,prices,Adjusted Price,3629.649902
2020-11-27,prices,Adjusted Price,3638.350098
2020-11-30,prices,Adjusted Price,3621.629883
2020-12-01,prices,Adjusted Price,3662.449951
2020-12-02,prices,Adjusted Price,3669.01001
2020-12-03,prices,Adjusted Price,3666.719971
2020-12-04,prices,Adjusted Price,3699.120117
2020-12-07,prices,Adjusted Price,3691.959961
2020-12-08,prices,Adjusted Price,3702.25
2020-12-09,prices,Adjusted Price,3672.820068
2020-12-10,prices,Adjusted Price,3668.100098
2020-12-11,prices,Adjusted Price,3663.459961
2020-12-14,prices,Adjusted Price,3647.48999
2020-12-15,prices,Adjusted Price,3694.620117
2020-12-16,prices,Adjusted Price,3701.169922
2020-12-17,prices,Adjusted Price,3722.47998
2020-12-18,prices,Adjusted Price,3709.409912
2020-12-21,prices,Adjusted Price,3694.919922
2020-12-22,prices,Adjusted Price,3687.26001
2020-12-23,prices,Adjusted Price,3690.01001
2020-12-24,prices,Adjusted Price,3703.060059
2020-12-28,prices,Adjusted Price,3735.360107
2020-12-29,prices,Adjusted Price,3727.040039
2020-12-30,prices,Adjusted Price,3732.040039
2020-12-31,prices,Adjusted Price,3756.070068
2021-01-04,prices,Adjusted Price,3700.649902
2021-01-05,prices,Adjusted Price,3726.860107
2021-01-06,prices,Adjusted Price,3748.139893
2021-01-07,prices,Adjusted Price,3803.790039
2021-01-08,prices,Adjusted Price,3824.679932
2021-01-11,prices,Adjusted Price,3799.610107
2021-01-12,prices,Adjusted Price,3801.189941
2021-01-13,prices,Adjusted Price,3809.840088
2021-01-14,prices,Adjusted Price,3795.540039
2021-01-15,prices,Adjusted Price,3768.25
2021-01-19,prices,Adjusted Price,3798.909912
2021-01-20,prices,Adjusted Price,3851.850098
2021-01-21,prices,Adjusted Price,3853.070068
2021-01-22,prices,Adjusted Price,3841.469971
2021-01-25,prices,Adjusted Price,3855.360107
2021-01-26,prices,Adjusted Price,3849.620117
2021-01-27,prices,Adjusted Price,3750.77002
2021-01-28,prices,Adjusted Price,3787.379883
2021-01-29,prices,Adjusted Price,3714.23999
2021-02-01,prices,Adjusted Price,3773.860107
2021-02-02,prices,Adjusted Price,3826.310059
2021-02-03,prices,Adjusted Price,3830.169922
2021-02-04,prices,Adjusted Price,3871.73999
2021-02-05,prices,Adjusted Price,3886.830078
2021-02-08,prices,Adjusted Price,3915.590088
2021-02-09,prices,Adjusted Price,3911.22998
2021-02-10,prices,Adjusted Price,3909.879883
2021-02-11,prices,Adjusted Price,3916.379883
2021-02-12,prices,Adjusted Price,3934.830078
2021-02-16,prices,Adjusted Price,3932.590088
2021-02-17,prices,Adjusted Price,3931.330078
2021-02-18,prices,Adjusted Price,3913.969971
2021-02-19,prices,Adjusted Price,3906.709961
2021-02-22,prices,Adjusted Price,3876.5
2021-02-23,prices,Adjusted Price,3881.370117
2021-02-24,prices,Adjusted Price,3925.429932
2021-02-25,prices,Adjusted Price,3829.340088
2021-02-26,prices,Adjusted Price,3811.149902
2021-03-01,prices,Adjusted Price,3901.820068
2021-03-02,prices,Adjusted Price,3870.290039
2021-03-03,prices,Adjusted Price,3819.719971
2021-03-04,prices,Adjusted Price,3768.469971
2021-03-05,prices,Adjusted Price,3841.939941
2021-03-08,prices,Adjusted Price,3821.350098
2021-03-09,prices,Adjusted Price,3875.439941
2021-03-10,prices,Adjusted Price,3898.810059
2021-03-11,prices,Adjusted Price,3939.340088
2021-03-12,prices,Adjusted Price,3943.340088
2021-03-15,prices,Adjusted Price,3968.939941
2021-03-16,prices,Adjusted Price,3962.709961
2021-03-17,prices,Adjusted Price,3974.120117
2021-03-18,prices,Adjusted Price,3915.459961
2021-03-19,prices,Adjusted Price,3913.100098
2021-03-22,prices,Adjusted Price,3940.590088
2021-03-23,prices,Adjusted Price,3910.52002
2021-03-24,prices,Adjusted Price,3889.139893
2021-03-25,prices,Adjusted Price,3909.52002
2021-03-26,prices,Adjusted Price,3974.540039
2021-03-29,prices,Adjusted Price,3971.090088
2021-03-30,prices,Adjusted Price,3958.550049
2021-03-31,prices,Adjusted Price,3972.889893
2021-04-01,prices,Adjusted Price,4019.870117
2021-04-05,prices,Adjusted Price,4077.909912
2021-04-06,prices,Adjusted Price,4073.939941
2021-04-07,prices,Adjusted Price,4079.949951
2021-04-08,prices,Adjusted Price,4097.169922
2021-04-09,prices,Adjusted Price,4128.799805
2021-04-12,prices,Adjusted Price,4127.990234
2021-04-13,prices,Adjusted Price,4141.589844
2021-04-14,prices,Adjusted Price,4124.660156
2021-04-15,prices,Adjusted Price,4170.419922
2021-04-16,prices,Adjusted Price,4185.470215
2021-04-19,prices,Adjusted Price,4163.259766
2021-04-20,prices,Adjusted Price,4134.939941
2021-04-21,prices,Adjusted Price,4173.419922
2021-04-22,prices,Adjusted Price,4134.97998
2021-04-23,prices,Adjusted Price,4180.169922
2021-04-26,prices,Adjusted Price,4187.620117
2021-04-27,prices,Adjusted Price,4186.720215
2021-04-28,prices,Adjusted Price,4183.180176
2021-04-29,prices,Adjusted Price,4211.470215
2021-04-30,prices,Adjusted Price,4181.169922
2021-05-03,prices,Adjusted Price,4192.660156
2021-05-04,prices,Adjusted Price,4164.660156
2021-05-05,prices,Adjusted Price,4167.589844
2021-05-06,prices,Adjusted Price,4201.620117
2021-05-07,prices,Adjusted Price,4232.600098
2021-05-10,prices,Adjusted Price,4188.430176
2021-05-11,prices,Adjusted Price,4152.100098
2021-05-12,prices,Adjusted Price,4063.040039
2021-05-13,prices,Adjusted Price,4112.5
2021-05-14,prices,Adjusted Price,4173.850098
2021-05-17,prices,Adjusted Price,4163.290039
2021-05-18,prices,Adjusted Price,4127.830078
2021-05-19,prices,Adjusted Price,4115.680176
2021-05-20,prices,Adjusted Price,4159.120117
2021-05-21,prices,Adjusted Price,4155.859863
2021-05-24,prices,Adjusted Price,4197.049805
2021-05-25,prices,Adjusted Price,4188.129883
2021-05-26,prices,Adjusted Price,4195.990234
2021-05-27,prices,Adjusted Price,4200.879883
2021-05-28,prices,Adjusted Price,4204.109863
2021-06-01,prices,Adjusted Price,4202.040039
2021-06-02,prices,Adjusted Price,4208.120117
2021-06-03,prices,Adjusted Price,4192.850098
2021-06-04,prices,Adjusted Price,4229.890137
2021-06-07,prices,Adjusted Price,4226.52002
2021-06-08,prices,Adjusted Price,4227.259766
2021-06-09,prices,Adjusted Price,4219.549805
